"Date(UTC)","UnixTimeStamp","Value"
"7/30/2015","1438214400","8893"
"7/31/2015","1438300800","0"
"8/1/2015","1438387200","0"
"8/2/2015","1438473600","0"
"8/3/2015","1438560000","0"
"8/4/2015","1438646400","0"
"8/5/2015","1438732800","0"
"8/6/2015","1438819200","0"
"8/7/2015","1438905600","2050"
"8/8/2015","1438992000","2881"
"8/9/2015","1439078400","1329"
"8/10/2015","1439164800","2037"
"8/11/2015","1439251200","4963"
"8/12/2015","1439337600","2036"
"8/13/2015","1439424000","2842"
"8/14/2015","1439510400","3174"
"8/15/2015","1439596800","2284"
"8/17/2015","1439769600","2512"
"8/16/2015","1439683200","2440"
"8/18/2015","1439856000","2494"
"8/19/2015","1439942400","3246"
"8/20/2015","1440028800","2303"
"8/21/2015","1440115200","3919"
"8/22/2015","1440201600","3579"
"8/23/2015","1440288000","4190"
"8/24/2015","1440374400","4432"
"8/25/2015","1440460800","4487"
"8/26/2015","1440547200","4156"
"8/27/2015","1440633600","5590"
"8/28/2015","1440720000","4758"
"8/29/2015","1440806400","4139"
"8/30/2015","1440892800","4572"
"8/31/2015","1440979200","5196"
"9/1/2015","1441065600","5153"
"9/2/2015","1441152000","5195"
"9/3/2015","1441238400","4777"
"9/4/2015","1441324800","5642"
"9/5/2015","1441411200","5519"
"9/6/2015","1441497600","5521"
"9/7/2015","1441584000","5702"
"9/8/2015","1441670400","5622"
"9/9/2015","1441756800","5604"
"9/10/2015","1441843200","5341"
"9/11/2015","1441929600","6460"
"9/12/2015","1442016000","5596"
"9/13/2015","1442102400","6057"
"9/14/2015","1442188800","5572"
"9/15/2015","1442275200","5409"
"9/16/2015","1442361600","5872"
"9/17/2015","1442448000","5368"
"9/18/2015","1442534400","5802"
"9/19/2015","1442620800","5205"
"9/20/2015","1442707200","6402"
"9/21/2015","1442793600","6305"
"9/22/2015","1442880000","6804"
"9/23/2015","1442966400","7404"
"9/24/2015","1443052800","6224"
"9/25/2015","1443139200","5851"
"9/26/2015","1443225600","5907"
"9/27/2015","1443312000","5760"
"9/28/2015","1443398400","6123"
"9/29/2015","1443484800","5738"
"9/30/2015","1443571200","5870"
"10/1/2015","1443657600","6421"
"10/2/2015","1443744000","6063"
"10/3/2015","1443830400","6112"
"10/4/2015","1443916800","6624"
"10/5/2015","1444003200","6279"
"10/6/2015","1444089600","6458"
"10/7/2015","1444176000","7121"
"10/8/2015","1444262400","6926"
"10/9/2015","1444348800","6763"
"10/10/2015","1444435200","6529"
"10/11/2015","1444521600","6023"
"10/12/2015","1444608000","6593"
"10/13/2015","1444694400","6818"
"10/14/2015","1444780800","6830"
"10/15/2015","1444867200","6499"
"10/16/2015","1444953600","6795"
"10/17/2015","1445040000","6567"
"10/18/2015","1445126400","6481"
"10/19/2015","1445212800","6604"
"10/20/2015","1445299200","5897"
"10/22/2015","1445472000","5979"
"10/21/2015","1445385600","6182"
"10/23/2015","1445558400","6888"
"10/24/2015","1445644800","6361"
"10/25/2015","1445731200","5830"
"10/26/2015","1445817600","5938"
"10/27/2015","1445904000","6784"
"10/28/2015","1445990400","7346"
"10/29/2015","1446076800","7836"
"10/30/2015","1446163200","7941"
"10/31/2015","1446249600","7557"
"11/1/2015","1446336000","6915"
"11/2/2015","1446422400","6558"
"11/3/2015","1446508800","7399"
"11/4/2015","1446595200","7037"
"11/5/2015","1446681600","7498"
"11/6/2015","1446768000","7882"
"11/7/2015","1446854400","10996"
"11/8/2015","1446940800","12413"
"11/9/2015","1447027200","7689"
"11/10/2015","1447113600","8151"
"11/11/2015","1447200000","10217"
"11/12/2015","1447286400","9534"
"11/13/2015","1447372800","7891"
"11/14/2015","1447459200","7211"
"11/15/2015","1447545600","7170"
"11/16/2015","1447632000","7442"
"11/17/2015","1447718400","7145"
"11/18/2015","1447804800","7373"
"11/19/2015","1447891200","8876"
"11/20/2015","1447977600","6348"
"11/21/2015","1448064000","6822"
"11/22/2015","1448150400","7083"
"11/23/2015","1448236800","8260"
"11/24/2015","1448323200","7152"
"11/25/2015","1448409600","7098"
"11/26/2015","1448496000","7278"
"11/27/2015","1448582400","6639"
"11/28/2015","1448668800","6817"
"11/29/2015","1448755200","6853"
"11/30/2015","1448841600","8986"
"12/1/2015","1448928000","6794"
"12/3/2015","1449100800","6971"
"12/2/2015","1449014400","6502"
"12/4/2015","1449187200","6898"
"12/5/2015","1449273600","6784"
"12/6/2015","1449360000","9103"
"12/7/2015","1449446400","7141"
"12/8/2015","1449532800","6697"
"12/9/2015","1449619200","7001"
"12/10/2015","1449705600","7444"
"12/11/2015","1449792000","8105"
"12/12/2015","1449878400","8205"
"12/13/2015","1449964800","7426"
"12/14/2015","1450051200","15550"
"12/15/2015","1450137600","21098"
"12/16/2015","1450224000","10304"
"12/17/2015","1450310400","9612"
"12/18/2015","1450396800","9032"
"12/19/2015","1450483200","9314"
"12/20/2015","1450569600","9879"
"12/21/2015","1450656000","12063"
"12/22/2015","1450742400","21027"
"12/23/2015","1450828800","22740"
"12/24/2015","1450915200","13494"
"12/25/2015","1451001600","9521"
"12/26/2015","1451088000","10726"
"12/27/2015","1451174400","21867"
"12/28/2015","1451260800","12368"
"12/29/2015","1451347200","11358"
"12/30/2015","1451433600","21767"
"12/31/2015","1451520000","10301"
"1/1/2016","1451606400","8233"
"1/2/2016","1451692800","9164"
"1/3/2016","1451779200","9258"
"1/4/2016","1451865600","9474"
"1/5/2016","1451952000","16430"
"1/6/2016","1452038400","17074"
"1/7/2016","1452124800","22075"
"1/8/2016","1452211200","10919"
"1/9/2016","1452297600","11793"
"1/10/2016","1452384000","10320"
"1/11/2016","1452470400","10893"
"1/12/2016","1452556800","10862"
"1/13/2016","1452643200","17665"
"1/14/2016","1452729600","10653"
"1/15/2016","1452816000","9875"
"1/16/2016","1452902400","10664"
"1/17/2016","1452988800","9747"
"1/18/2016","1453075200","12916"
"1/19/2016","1453161600","13420"
"1/20/2016","1453248000","10610"
"1/21/2016","1453334400","10734"
"1/22/2016","1453420800","13848"
"1/23/2016","1453507200","11025"
"1/24/2016","1453593600","12798"
"1/25/2016","1453680000","17121"
"1/26/2016","1453766400","16511"
"1/27/2016","1453852800","18747"
"1/28/2016","1453939200","16765"
"1/29/2016","1454025600","16395"
"1/30/2016","1454112000","14661"
"1/31/2016","1454198400","14166"
"2/1/2016","1454284800","14199"
"2/2/2016","1454371200","14291"
"2/3/2016","1454457600","14274"
"2/4/2016","1454544000","14371"
"2/5/2016","1454630400","15249"
"2/6/2016","1454716800","31418"
"2/7/2016","1454803200","14264"
"2/8/2016","1454889600","14719"
"2/9/2016","1454976000","15517"
"2/10/2016","1455062400","17141"
"2/11/2016","1455148800","21440"
"2/13/2016","1455321600","19327"
"2/12/2016","1455235200","18109"
"2/14/2016","1455408000","16624"
"2/15/2016","1455494400","17159"
"2/16/2016","1455580800","17549"
"2/17/2016","1455667200","19990"
"2/18/2016","1455753600","16969"
"2/19/2016","1455840000","18412"
"2/20/2016","1455926400","16714"
"2/21/2016","1456012800","17119"
"2/22/2016","1456099200","18190"
"2/23/2016","1456185600","18482"
"2/24/2016","1456272000","19540"
"2/25/2016","1456358400","19503"
"2/26/2016","1456444800","21068"
"2/27/2016","1456531200","18981"
"2/28/2016","1456617600","19063"
"2/29/2016","1456704000","20358"
"3/1/2016","1456790400","21778"
"3/2/2016","1456876800","23562"
"3/3/2016","1456963200","24837"
"3/4/2016","1457049600","24287"
"3/5/2016","1457136000","27115"
"3/6/2016","1457222400","27661"
"3/7/2016","1457308800","23271"
"3/8/2016","1457395200","24104"
"3/9/2016","1457481600","24557"
"3/10/2016","1457568000","24814"
"3/11/2016","1457654400","23124"
"3/12/2016","1457740800","27887"
"3/13/2016","1457827200","28127"
"3/14/2016","1457913600","28528"
"3/15/2016","1458000000","29273"
"3/16/2016","1458086400","27596"
"3/17/2016","1458172800","33531"
"3/18/2016","1458259200","31821"
"3/19/2016","1458345600","34779"
"3/20/2016","1458432000","32447"
"3/21/2016","1458518400","32511"
"3/22/2016","1458604800","32890"
"3/23/2016","1458691200","31786"
"3/24/2016","1458777600","36947"
"3/25/2016","1458864000","36762"
"3/26/2016","1458950400","36646"
"3/27/2016","1459036800","29974"
"3/28/2016","1459123200","33613"
"3/29/2016","1459209600","33915"
"3/30/2016","1459296000","36767"
"3/31/2016","1459382400","32259"
"4/1/2016","1459468800","33320"
"4/2/2016","1459555200","29358"
"4/3/2016","1459641600","29588"
"4/4/2016","1459728000","34907"
"4/5/2016","1459814400","39173"
"4/6/2016","1459900800","32078"
"4/7/2016","1459987200","31893"
"4/8/2016","1460073600","34010"
"4/9/2016","1460160000","31923"
"4/10/2016","1460246400","32237"
"4/11/2016","1460332800","30327"
"4/12/2016","1460419200","34673"
"4/13/2016","1460505600","36051"
"4/14/2016","1460592000","34781"
"4/15/2016","1460678400","34959"
"4/16/2016","1460764800","30483"
"4/17/2016","1460851200","40203"
"4/18/2016","1460937600","33513"
"4/19/2016","1461024000","32622"
"4/20/2016","1461110400","32944"
"4/21/2016","1461196800","37181"
"4/22/2016","1461283200","31678"
"4/23/2016","1461369600","31845"
"4/24/2016","1461456000","34046"
"4/25/2016","1461542400","35430"
"4/26/2016","1461628800","32582"
"4/27/2016","1461715200","33847"
"4/28/2016","1461801600","34343"
"4/29/2016","1461888000","37332"
"4/30/2016","1461974400","45769"
"5/1/2016","1462060800","39578"
"5/2/2016","1462147200","41748"
"5/3/2016","1462233600","37821"
"5/4/2016","1462320000","37484"
"5/5/2016","1462406400","38707"
"5/6/2016","1462492800","41271"
"5/7/2016","1462579200","35864"
"5/8/2016","1462665600","40063"
"5/9/2016","1462752000","38560"
"5/10/2016","1462838400","40684"
"5/11/2016","1462924800","40811"
"5/12/2016","1463011200","45002"
"5/13/2016","1463097600","47737"
"5/14/2016","1463184000","45745"
"5/15/2016","1463270400","43073"
"5/16/2016","1463356800","37424"
"5/17/2016","1463443200","40309"
"5/18/2016","1463529600","46033"
"5/19/2016","1463616000","44523"
"5/20/2016","1463702400","45177"
"5/21/2016","1463788800","43621"
"5/22/2016","1463875200","38895"
"5/23/2016","1463961600","43806"
"5/24/2016","1464048000","42911"
"5/25/2016","1464134400","46443"
"5/26/2016","1464220800","51147"
"5/28/2016","1464393600","70148"
"5/27/2016","1464307200","49006"
"5/29/2016","1464480000","45890"
"5/30/2016","1464566400","42927"
"5/31/2016","1464652800","44386"
"6/1/2016","1464739200","42221"
"6/2/2016","1464825600","39666"
"6/3/2016","1464912000","39834"
"6/4/2016","1464998400","37875"
"6/5/2016","1465084800","37896"
"6/6/2016","1465171200","38957"
"6/7/2016","1465257600","46141"
"6/8/2016","1465344000","40433"
"6/9/2016","1465430400","39854"
"6/10/2016","1465516800","40145"
"6/11/2016","1465603200","36901"
"6/12/2016","1465689600","42581"
"6/13/2016","1465776000","46185"
"6/14/2016","1465862400","50335"
"6/15/2016","1465948800","43251"
"6/16/2016","1466035200","43392"
"6/17/2016","1466121600","66558"
"6/18/2016","1466208000","63083"
"6/19/2016","1466294400","51035"
"6/20/2016","1466380800","47118"
"6/21/2016","1466467200","47323"
"6/22/2016","1466553600","48615"
"6/24/2016","1466726400","45331"
"6/23/2016","1466640000","41908"
"6/25/2016","1466812800","36684"
"6/26/2016","1466899200","41613"
"6/27/2016","1466985600","39663"
"6/28/2016","1467072000","43089"
"6/29/2016","1467158400","49897"
"6/30/2016","1467244800","63952"
"7/1/2016","1467331200","40085"
"7/2/2016","1467417600","39257"
"7/3/2016","1467504000","39757"
"7/4/2016","1467590400","39950"
"7/5/2016","1467676800","39270"
"7/6/2016","1467763200","37900"
"7/7/2016","1467849600","40433"
"7/8/2016","1467936000","42506"
"7/9/2016","1468022400","40410"
"7/10/2016","1468108800","39358"
"7/11/2016","1468195200","38582"
"7/12/2016","1468281600","40811"
"7/13/2016","1468368000","35740"
"7/14/2016","1468454400","42809"
"7/15/2016","1468540800","41110"
"7/16/2016","1468627200","38062"
"7/17/2016","1468713600","33914"
"7/18/2016","1468800000","39198"
"7/19/2016","1468886400","44184"
"7/20/2016","1468972800","50631"
"7/21/2016","1469059200","44882"
"7/22/2016","1469145600","48458"
"7/23/2016","1469232000","45006"
"7/24/2016","1469318400","58215"
"7/25/2016","1469404800","54856"
"7/26/2016","1469491200","61930"
"7/27/2016","1469577600","53035"
"7/28/2016","1469664000","48555"
"7/29/2016","1469750400","47243"
"7/30/2016","1469836800","42011"
"7/31/2016","1469923200","48749"
"8/1/2016","1470009600","45978"
"8/2/2016","1470096000","49041"
"8/3/2016","1470182400","49475"
"8/4/2016","1470268800","46761"
"8/5/2016","1470355200","43212"
"8/6/2016","1470441600","41487"
"8/7/2016","1470528000","42955"
"8/8/2016","1470614400","42984"
"8/10/2016","1470787200","46290"
"8/9/2016","1470700800","47057"
"8/11/2016","1470873600","48171"
"8/12/2016","1470960000","44400"
"8/13/2016","1471046400","41088"
"8/14/2016","1471132800","40577"
"8/15/2016","1471219200","42302"
"8/16/2016","1471305600","48949"
"8/17/2016","1471392000","44867"
"8/18/2016","1471478400","47799"
"8/19/2016","1471564800","42948"
"8/20/2016","1471651200","41318"
"8/21/2016","1471737600","42543"
"8/22/2016","1471824000","44250"
"8/23/2016","1471910400","48430"
"8/24/2016","1471996800","46821"
"8/25/2016","1472083200","49868"
"8/26/2016","1472169600","47292"
"8/27/2016","1472256000","47938"
"8/28/2016","1472342400","42607"
"8/29/2016","1472428800","45510"
"8/30/2016","1472515200","46979"
"8/31/2016","1472601600","45846"
"9/1/2016","1472688000","47491"
"9/2/2016","1472774400","55413"
"9/3/2016","1472860800","44792"
"9/4/2016","1472947200","48128"
"9/5/2016","1473033600","42667"
"9/6/2016","1473120000","49102"
"9/7/2016","1473206400","48701"
"9/8/2016","1473292800","55970"
"9/9/2016","1473379200","53918"
"9/10/2016","1473465600","42875"
"9/11/2016","1473552000","43345"
"9/12/2016","1473638400","45123"
"9/13/2016","1473724800","42591"
"9/14/2016","1473811200","53859"
"9/15/2016","1473897600","52622"
"9/16/2016","1473984000","57532"
"9/17/2016","1474070400","46882"
"9/18/2016","1474156800","37893"
"9/19/2016","1474243200","40505"
"9/20/2016","1474329600","54067"
"9/21/2016","1474416000","44549"
"9/22/2016","1474502400","52657"
"9/23/2016","1474588800","35219"
"9/24/2016","1474675200","43418"
"9/25/2016","1474761600","38713"
"9/26/2016","1474848000","43514"
"9/27/2016","1474934400","46817"
"9/29/2016","1475107200","40416"
"9/28/2016","1475020800","42797"
"9/30/2016","1475193600","35836"
"10/1/2016","1475280000","53076"
"10/2/2016","1475366400","51105"
"10/3/2016","1475452800","47672"
"10/4/2016","1475539200","56662"
"10/5/2016","1475625600","41719"
"10/6/2016","1475712000","36826"
"10/7/2016","1475798400","43708"
"10/8/2016","1475884800","37690"
"10/9/2016","1475971200","43940"
"10/10/2016","1476057600","44940"
"10/11/2016","1476144000","41053"
"10/12/2016","1476230400","30002"
"10/13/2016","1476316800","32244"
"10/14/2016","1476403200","42006"
"10/15/2016","1476489600","33662"
"10/16/2016","1476576000","34990"
"10/17/2016","1476662400","38136"
"10/18/2016","1476748800","51898"
"10/19/2016","1476835200","38497"
"10/20/2016","1476921600","43438"
"10/21/2016","1477008000","57780"
"10/22/2016","1477094400","37772"
"10/23/2016","1477180800","35364"
"10/24/2016","1477267200","52547"
"10/25/2016","1477353600","47610"
"10/26/2016","1477440000","45158"
"10/27/2016","1477526400","44353"
"10/28/2016","1477612800","41522"
"10/29/2016","1477699200","40011"
"10/30/2016","1477785600","39435"
"10/31/2016","1477872000","45031"
"11/1/2016","1477958400","49025"
"11/2/2016","1478044800","43519"
"11/3/2016","1478131200","42346"
"11/4/2016","1478217600","32572"
"11/5/2016","1478304000","37690"
"11/6/2016","1478390400","34391"
"11/7/2016","1478476800","41941"
"11/8/2016","1478563200","41569"
"11/9/2016","1478649600","40517"
"11/10/2016","1478736000","40164"
"11/11/2016","1478822400","41070"
"11/12/2016","1478908800","40882"
"11/13/2016","1478995200","43673"
"11/15/2016","1479168000","45330"
"11/14/2016","1479081600","43876"
"11/16/2016","1479254400","41684"
"11/17/2016","1479340800","40738"
"11/18/2016","1479427200","43785"
"11/19/2016","1479513600","39289"
"11/20/2016","1479600000","42125"
"11/21/2016","1479686400","42735"
"11/22/2016","1479772800","53585"
"11/23/2016","1479859200","64289"
"11/24/2016","1479945600","36861"
"11/25/2016","1480032000","58075"
"11/26/2016","1480118400","40804"
"11/27/2016","1480204800","44449"
"11/28/2016","1480291200","48388"
"11/29/2016","1480377600","47036"
"11/30/2016","1480464000","39178"
"12/1/2016","1480550400","37121"
"12/2/2016","1480636800","41642"
"12/3/2016","1480723200","41357"
"12/4/2016","1480809600","39643"
"12/5/2016","1480896000","41613"
"12/6/2016","1480982400","48200"
"12/7/2016","1481068800","41757"
"12/8/2016","1481155200","39587"
"12/9/2016","1481241600","41444"
"12/10/2016","1481328000","40564"
"12/11/2016","1481414400","39164"
"12/12/2016","1481500800","38741"
"12/13/2016","1481587200","44664"
"12/14/2016","1481673600","47294"
"12/15/2016","1481760000","46102"
"12/16/2016","1481846400","43953"
"12/17/2016","1481932800","39442"
"12/18/2016","1482019200","36640"
"12/19/2016","1482105600","45599"
"12/20/2016","1482192000","44241"
"12/21/2016","1482278400","50793"
"12/22/2016","1482364800","55173"
"12/23/2016","1482451200","44391"
"12/24/2016","1482537600","37757"
"12/25/2016","1482624000","36601"
"12/26/2016","1482710400","34565"
"12/27/2016","1482796800","42370"
"12/28/2016","1482883200","43386"
"12/29/2016","1482969600","46546"
"12/30/2016","1483056000","44561"
"12/31/2016","1483142400","41220"
"1/1/2017","1483228800","38730"
"1/2/2017","1483315200","39652"
"1/3/2017","1483401600","45883"
"1/4/2017","1483488000","50673"
"1/5/2017","1483574400","49596"
"1/6/2017","1483660800","43804"
"1/7/2017","1483747200","43622"
"1/8/2017","1483833600","42727"
"1/9/2017","1483920000","46188"
"1/10/2017","1484006400","48179"
"1/11/2017","1484092800","45221"
"1/12/2017","1484179200","50589"
"1/13/2017","1484265600","50833"
"1/14/2017","1484352000","42044"
"1/15/2017","1484438400","41748"
"1/16/2017","1484524800","45375"
"1/17/2017","1484611200","46671"
"1/18/2017","1484697600","44994"
"1/19/2017","1484784000","43628"
"1/20/2017","1484870400","45775"
"1/21/2017","1484956800","43302"
"1/22/2017","1485043200","47432"
"1/23/2017","1485129600","46076"
"1/24/2017","1485216000","50414"
"1/25/2017","1485302400","46256"
"1/26/2017","1485388800","46856"
"1/27/2017","1485475200","46680"
"1/28/2017","1485561600","45189"
"1/29/2017","1485648000","42509"
"1/30/2017","1485734400","45369"
"1/31/2017","1485820800","43649"
"2/1/2017","1485907200","44541"
"2/2/2017","1485993600","43709"
"2/3/2017","1486080000","42778"
"2/4/2017","1486166400","45410"
"2/5/2017","1486252800","46542"
"2/6/2017","1486339200","47306"
"2/7/2017","1486425600","51866"
"2/8/2017","1486512000","51089"
"2/9/2017","1486598400","47873"
"2/10/2017","1486684800","52222"
"2/11/2017","1486771200","46560"
"2/12/2017","1486857600","45319"
"2/13/2017","1486944000","55990"
"2/14/2017","1487030400","58298"
"2/15/2017","1487116800","55320"
"2/16/2017","1487203200","49674"
"2/17/2017","1487289600","49406"
"2/18/2017","1487376000","49398"
"2/19/2017","1487462400","48227"
"2/20/2017","1487548800","50152"
"2/21/2017","1487635200","58434"
"2/22/2017","1487721600","50372"
"2/23/2017","1487808000","47601"
"2/24/2017","1487894400","54081"
"2/25/2017","1487980800","53245"
"2/26/2017","1488067200","51716"
"2/27/2017","1488153600","52642"
"2/28/2017","1488240000","60277"
"3/1/2017","1488326400","59774"
"3/2/2017","1488412800","70779"
"3/3/2017","1488499200","64294"
"3/4/2017","1488585600","58756"
"3/5/2017","1488672000","57031"
"3/6/2017","1488758400","57020"
"3/7/2017","1488844800","62589"
"3/8/2017","1488931200","55386"
"3/9/2017","1489017600","64266"
"3/10/2017","1489104000","65132"
"3/11/2017","1489190400","64803"
"3/12/2017","1489276800","66646"
"3/13/2017","1489363200","81718"
"3/14/2017","1489449600","77155"
"3/15/2017","1489536000","81205"
"3/16/2017","1489622400","109950"
"3/17/2017","1489708800","106635"
"3/18/2017","1489795200","89920"
"3/19/2017","1489881600","84599"
"3/20/2017","1489968000","80264"
"3/21/2017","1490054400","84298"
"3/22/2017","1490140800","78821"
"3/23/2017","1490227200","82434"
"3/24/2017","1490313600","87775"
"3/25/2017","1490400000","84394"
"3/26/2017","1490486400","79534"
"3/27/2017","1490572800","94570"
"3/28/2017","1490659200","84348"
"3/29/2017","1490745600","93064"
"3/30/2017","1490832000","96209"
"3/31/2017","1490918400","103102"
"4/1/2017","1491004800","80572"
"4/2/2017","1491091200","88948"
"4/3/2017","1491177600","100221"
"4/4/2017","1491264000","86279"
"4/5/2017","1491350400","87411"
"4/6/2017","1491436800","95177"
"4/7/2017","1491523200","92846"
"4/8/2017","1491609600","72144"
"4/9/2017","1491696000","74557"
"4/10/2017","1491782400","75487"
"4/11/2017","1491868800","75891"
"4/12/2017","1491955200","80347"
"4/13/2017","1492041600","84124"
"4/14/2017","1492128000","81155"
"4/15/2017","1492214400","74820"
"4/16/2017","1492300800","70634"
"4/17/2017","1492387200","72546"
"4/18/2017","1492473600","83303"
"4/19/2017","1492560000","85734"
"4/20/2017","1492646400","85450"
"4/21/2017","1492732800","81278"
"4/22/2017","1492819200","73539"
"4/23/2017","1492905600","77073"
"4/24/2017","1492992000","80531"
"4/25/2017","1493078400","93033"
"4/26/2017","1493164800","89642"
"4/27/2017","1493251200","104494"
"4/28/2017","1493337600","106193"
"4/29/2017","1493424000","91335"
"4/30/2017","1493510400","95202"
"5/1/2017","1493596800","112202"
"5/2/2017","1493683200","110354"
"5/3/2017","1493769600","97334"
"5/4/2017","1493856000","114877"
"5/5/2017","1493942400","108514"
"5/6/2017","1494028800","95014"
"5/7/2017","1494115200","106631"
"5/8/2017","1494201600","117509"
"5/9/2017","1494288000","112933"
"5/10/2017","1494374400","109673"
"5/11/2017","1494460800","117189"
"5/12/2017","1494547200","107241"
"5/13/2017","1494633600","101332"
"5/14/2017","1494720000","101348"
"5/15/2017","1494806400","122792"
"5/16/2017","1494892800","116341"
"5/17/2017","1494979200","140135"
"5/18/2017","1495065600","137409"
"5/19/2017","1495152000","161568"
"5/20/2017","1495238400","130912"
"5/21/2017","1495324800","149699"
"5/22/2017","1495411200","176255"
"5/23/2017","1495497600","187121"
"5/24/2017","1495584000","187293"
"5/25/2017","1495670400","183010"
"5/26/2017","1495756800","169818"
"5/27/2017","1495843200","149450"
"5/28/2017","1495929600","155271"
"5/29/2017","1496016000","158547"
"5/30/2017","1496102400","193618"
"5/31/2017","1496188800","214126"
"6/1/2017","1496275200","199160"
"6/2/2017","1496361600","194911"
"6/3/2017","1496448000","175666"
"6/4/2017","1496534400","180136"
"6/5/2017","1496620800","190305"
"6/6/2017","1496707200","200523"
"6/7/2017","1496793600","207180"
"6/8/2017","1496880000","187700"
"6/9/2017","1496966400","215831"
"6/10/2017","1497052800","213356"
"6/11/2017","1497139200","240490"
"6/12/2017","1497225600","292941"
"6/13/2017","1497312000","280054"
"6/14/2017","1497398400","250410"
"6/15/2017","1497484800","261617"
"6/16/2017","1497571200","248003"
"6/17/2017","1497657600","242022"
"6/18/2017","1497744000","245957"
"6/19/2017","1497830400","286209"
"6/20/2017","1497916800","308488"
"6/21/2017","1498003200","221289"
"6/22/2017","1498089600","284225"
"6/23/2017","1498176000","276012"
"6/24/2017","1498262400","250570"
"6/25/2017","1498348800","231135"
"6/26/2017","1498435200","316788"
"6/27/2017","1498521600","252995"
"6/28/2017","1498608000","274241"
"6/29/2017","1498694400","263791"
"6/30/2017","1498780800","252652"
"7/1/2017","1498867200","240465"
"7/2/2017","1498953600","248617"
"7/3/2017","1499040000","302032"
"7/4/2017","1499126400","281465"
"7/5/2017","1499212800","271606"
"7/6/2017","1499299200","258791"
"7/7/2017","1499385600","295389"
"7/8/2017","1499472000","248142"
"7/9/2017","1499558400","225189"
"7/10/2017","1499644800","302633"
"7/11/2017","1499731200","291677"
"7/12/2017","1499817600","283828"
"7/13/2017","1499904000","260745"
"7/14/2017","1499990400","249381"
"7/15/2017","1500076800","231961"
"7/16/2017","1500163200","249138"
"7/17/2017","1500249600","248473"
"7/18/2017","1500336000","271055"
"7/19/2017","1500422400","270122"
"7/20/2017","1500508800","250065"
"7/21/2017","1500595200","232560"
"7/22/2017","1500681600","205574"
"7/23/2017","1500768000","260490"
"7/24/2017","1500854400","263095"
"7/25/2017","1500940800","242956"
"7/26/2017","1501027200","223010"
"7/27/2017","1501113600","225435"
"7/28/2017","1501200000","246494"
"7/29/2017","1501286400","198773"
"7/30/2017","1501372800","206624"
"7/31/2017","1501459200","250090"
"8/1/2017","1501545600","218582"
"8/2/2017","1501632000","231068"
"8/3/2017","1501718400","236335"
"8/4/2017","1501804800","257160"
"8/5/2017","1501891200","261400"
"8/6/2017","1501977600","265127"
"8/7/2017","1502064000","281172"
"8/8/2017","1502150400","318866"
"8/9/2017","1502236800","280308"
"8/10/2017","1502323200","338241"
"8/11/2017","1502409600","356682"
"8/12/2017","1502496000","338654"
"8/13/2017","1502582400","333011"
"8/14/2017","1502668800","410061"
"8/15/2017","1502755200","413246"
"8/16/2017","1502841600","413624"
"8/17/2017","1502928000","428007"
"8/18/2017","1503014400","443356"
"8/19/2017","1503100800","377418"
"8/20/2017","1503187200","309926"
"8/21/2017","1503273600","392880"
"8/22/2017","1503360000","364727"
"8/23/2017","1503446400","374711"
"8/24/2017","1503532800","352465"
"8/25/2017","1503619200","352621"
"8/26/2017","1503705600","306268"
"8/27/2017","1503792000","324173"
"8/28/2017","1503878400","363799"
"8/29/2017","1503964800","394649"
"8/30/2017","1504051200","400220"
"8/31/2017","1504137600","384421"
"9/1/2017","1504224000","390997"
"9/2/2017","1504310400","331797"
"9/3/2017","1504396800","302525"
"9/4/2017","1504483200","442592"
"9/5/2017","1504569600","444572"
"9/6/2017","1504656000","496376"
"9/7/2017","1504742400","448347"
"9/8/2017","1504828800","463670"
"9/9/2017","1504915200","383654"
"9/10/2017","1505001600","325128"
"9/11/2017","1505088000","365384"
"9/12/2017","1505174400","404898"
"9/13/2017","1505260800","365679"
"9/14/2017","1505347200","380251"
"9/15/2017","1505433600","441767"
"9/16/2017","1505520000","373764"
"9/17/2017","1505606400","289517"
"9/18/2017","1505692800","362764"
"9/19/2017","1505779200","337752"
"9/20/2017","1505865600","324984"
"9/21/2017","1505952000","317074"
"9/22/2017","1506038400","271470"
"9/23/2017","1506124800","260107"
"9/24/2017","1506211200","280929"
"9/25/2017","1506297600","306614"
"9/26/2017","1506384000","306075"
"9/27/2017","1506470400","309047"
"9/28/2017","1506556800","329208"
"9/29/2017","1506643200","326502"
"9/30/2017","1506729600","295798"
"10/1/2017","1506816000","283871"
"10/2/2017","1506902400","306095"
"10/3/2017","1506988800","327906"
"10/4/2017","1507075200","307399"
"10/5/2017","1507161600","314808"
"10/6/2017","1507248000","319882"
"10/7/2017","1507334400","291091"
"10/8/2017","1507420800","296829"
"10/9/2017","1507507200","328172"
"10/10/2017","1507593600","349605"
"10/11/2017","1507680000","344305"
"10/12/2017","1507766400","363411"
"10/13/2017","1507852800","379136"
"10/14/2017","1507939200","332169"
"10/15/2017","1508025600","328921"
"10/16/2017","1508112000","408297"
"10/17/2017","1508198400","505611"
"10/18/2017","1508284800","470449"
"10/19/2017","1508371200","494184"
"10/20/2017","1508457600","546837"
"10/21/2017","1508544000","462902"
"10/22/2017","1508630400","435493"
"10/23/2017","1508716800","468168"
"10/24/2017","1508803200","492288"
"10/25/2017","1508889600","460419"
"10/26/2017","1508976000","466406"
"10/27/2017","1509062400","486147"
"10/28/2017","1509148800","484554"
"10/29/2017","1509235200","494176"
"10/30/2017","1509321600","532626"
"10/31/2017","1509408000","519906"
"11/1/2017","1509494400","527783"
"11/2/2017","1509580800","529277"
"11/3/2017","1509667200","485790"
"11/4/2017","1509753600","398758"
"11/5/2017","1509840000","417102"
"11/6/2017","1509926400","511663"
"11/7/2017","1510012800","470418"
"11/8/2017","1510099200","480413"
"11/9/2017","1510185600","467172"
"11/10/2017","1510272000","457427"
"11/11/2017","1510358400","394378"
"11/12/2017","1510444800","434380"
"11/13/2017","1510531200","443176"
"11/14/2017","1510617600","475984"
"11/15/2017","1510704000","540593"
"11/16/2017","1510790400","491482"
"11/17/2017","1510876800","508590"
"11/18/2017","1510963200","459679"
"11/19/2017","1511049600","464563"
"11/20/2017","1511136000","530141"
"11/21/2017","1511222400","524044"
"11/22/2017","1511308800","546489"
"11/23/2017","1511395200","537068"
"11/24/2017","1511481600","525529"
"11/25/2017","1511568000","561166"
"11/26/2017","1511654400","542484"
"11/27/2017","1511740800","608695"
"11/28/2017","1511827200","638989"
"11/29/2017","1511913600","663579"
"11/30/2017","1512000000","655457"
"12/1/2017","1512086400","622720"
"12/2/2017","1512172800","627785"
"12/3/2017","1512259200","693808"
"12/4/2017","1512345600","701834"
"12/5/2017","1512432000","693090"
"12/6/2017","1512518400","791746"
"12/7/2017","1512604800","659068"
"12/8/2017","1512691200","766411"
"12/9/2017","1512777600","707223"
"12/10/2017","1512864000","716575"
"12/11/2017","1512950400","828899"
"12/12/2017","1513036800","872340"
"12/13/2017","1513123200","909631"
"12/14/2017","1513209600","942559"
"12/15/2017","1513296000","904346"
"12/16/2017","1513382400","899857"
"12/17/2017","1513468800","876574"
"12/18/2017","1513555200","984021"
"12/19/2017","1513641600","1092234"
"12/20/2017","1513728000","986104"
"12/21/2017","1513814400","1072665"
"12/22/2017","1513900800","1103523"
"12/23/2017","1513987200","918881"
"12/24/2017","1514073600","758234"
"12/25/2017","1514160000","752361"
"12/26/2017","1514246400","813510"
"12/27/2017","1514332800","912752"
"12/28/2017","1514419200","949503"
"12/29/2017","1514505600","1090191"
"12/30/2017","1514592000","1136659"
"12/31/2017","1514678400","946981"
"1/1/2018","1514764800","908945"
"1/2/2018","1514851200","1153936"
"1/3/2018","1514937600","1238030"
"1/4/2018","1515024000","1349890"
"1/5/2018","1515110400","1271577"
"1/6/2018","1515196800","1226417"
"1/7/2018","1515283200","1152722"
"1/8/2018","1515369600","1215473"
"1/9/2018","1515456000","1256240"
"1/10/2018","1515542400","1177685"
"1/11/2018","1515628800","1173965"
"1/12/2018","1515715200","1118757"
"1/13/2018","1515801600","1179321"
"1/14/2018","1515888000","1081593"
"1/15/2018","1515974400","1206420"
"1/16/2018","1516060800","1277936"
"1/17/2018","1516147200","1277083"
"1/18/2018","1516233600","1205184"
"1/19/2018","1516320000","1043257"
"1/20/2018","1516406400","984489"
"1/21/2018","1516492800","1006530"
"1/22/2018","1516579200","972911"
"1/23/2018","1516665600","928494"
"1/24/2018","1516752000","913668"
"1/25/2018","1516838400","788515"
"1/26/2018","1516924800","953429"
"1/27/2018","1517011200","831992"
"1/28/2018","1517097600","889104"
"1/29/2018","1517184000","936845"
"1/30/2018","1517270400","906578"
"1/31/2018","1517356800","877284"
"2/1/2018","1517443200","1008759"
"2/2/2018","1517529600","981133"
"2/3/2018","1517616000","814486"
"2/4/2018","1517702400","800876"
"2/5/2018","1517788800","875761"
"2/6/2018","1517875200","888219"
"2/7/2018","1517961600","818625"
"2/8/2018","1518048000","681344"
"2/9/2018","1518134400","789807"
"2/10/2018","1518220800","848390"
"2/11/2018","1518307200","773496"
"2/12/2018","1518393600","829020"
"2/13/2018","1518480000","745822"
"2/14/2018","1518566400","746384"
"2/15/2018","1518652800","777318"
"2/16/2018","1518739200","704758"
"2/17/2018","1518825600","772079"
"2/18/2018","1518912000","756092"
"2/19/2018","1518998400","811384"
"2/20/2018","1519084800","886897"
"2/21/2018","1519171200","850504"
"2/22/2018","1519257600","761893"
"2/23/2018","1519344000","733084"
"2/24/2018","1519430400","732861"
"2/25/2018","1519516800","690582"
"2/26/2018","1519603200","737453"
"2/27/2018","1519689600","694583"
"2/28/2018","1519776000","720368"
"3/1/2018","1519862400","684404"
"3/2/2018","1519948800","744666"
"3/3/2018","1520035200","673465"
"3/4/2018","1520121600","643241"
"3/5/2018","1520208000","752756"
"3/6/2018","1520294400","712591"
"3/7/2018","1520380800","783757"
"3/8/2018","1520467200","690139"
"3/9/2018","1520553600","650058"
"3/10/2018","1520640000","591377"
"3/11/2018","1520726400","608899"
"3/12/2018","1520812800","677908"
"3/13/2018","1520899200","699093"
"3/14/2018","1520985600","671198"
"3/15/2018","1521072000","654531"
"3/16/2018","1521158400","654584"
"3/17/2018","1521244800","593203"
"3/18/2018","1521331200","684094"
"3/19/2018","1521417600","703891"
"3/20/2018","1521504000","661791"
"3/21/2018","1521590400","697872"
"3/22/2018","1521676800","619453"
"3/23/2018","1521763200","677103"
"3/24/2018","1521849600","613203"
"3/25/2018","1521936000","526372"
"3/26/2018","1522022400","626615"
"3/27/2018","1522108800","584055"
"3/28/2018","1522195200","579858"
"3/29/2018","1522281600","583673"
"3/30/2018","1522368000","633616"
"3/31/2018","1522454400","584396"
"4/1/2018","1522540800","545141"
"4/2/2018","1522627200","598505"
"4/3/2018","1522713600","645977"
"4/4/2018","1522800000","628441"
"4/5/2018","1522886400","695871"
"4/6/2018","1522972800","647981"
"4/7/2018","1523059200","535865"
"4/8/2018","1523145600","595733"
"4/9/2018","1523232000","609799"
"4/10/2018","1523318400","571388"
"4/11/2018","1523404800","609102"
"4/12/2018","1523491200","692606"
"4/13/2018","1523577600","730344"
"4/14/2018","1523664000","611188"
"4/15/2018","1523750400","619985"
"4/16/2018","1523836800","664402"
"4/17/2018","1523923200","742823"
"4/18/2018","1524009600","703293"
"4/19/2018","1524096000","814318"
"4/20/2018","1524182400","832220"
"4/21/2018","1524268800","746104"
"4/22/2018","1524355200","748858"
"4/23/2018","1524441600","802870"
"4/24/2018","1524528000","816357"
"4/25/2018","1524614400","799014"
"4/26/2018","1524700800","793873"
"4/27/2018","1524787200","764479"
"4/28/2018","1524873600","775321"
"4/29/2018","1524960000","756651"
"4/30/2018","1525046400","778133"
"5/1/2018","1525132800","713839"
"5/2/2018","1525219200","787722"
"5/3/2018","1525305600","839586"
"5/4/2018","1525392000","1000526"
"5/5/2018","1525478400","789261"
"5/6/2018","1525564800","691273"
"5/7/2018","1525651200","789863"
"5/8/2018","1525737600","820098"
"5/9/2018","1525824000","831127"
"5/10/2018","1525910400","854827"
"5/11/2018","1525996800","826099"
"5/12/2018","1526083200","788487"
"5/13/2018","1526169600","762439"
"5/14/2018","1526256000","801788"
"5/15/2018","1526342400","779210"
"5/16/2018","1526428800","807257"
"5/17/2018","1526515200","835761"
"5/18/2018","1526601600","831831"
"5/19/2018","1526688000","846288"
"5/20/2018","1526774400","777283"
"5/21/2018","1526860800","802211"
"5/22/2018","1526947200","822409"
"5/23/2018","1527033600","833377"
"5/24/2018","1527120000","811167"
"5/25/2018","1527206400","800838"
"5/26/2018","1527292800","761932"
"5/27/2018","1527379200","776024"
"5/28/2018","1527465600","861002"
"5/29/2018","1527552000","812183"
"5/30/2018","1527638400","817167"
"5/31/2018","1527724800","832842"
"6/1/2018","1527811200","758242"
"6/2/2018","1527897600","768017"
"6/3/2018","1527984000","809997"
"6/4/2018","1528070400","807165"
"6/5/2018","1528156800","780654"
"6/6/2018","1528243200","754070"
"6/7/2018","1528329600","775828"
"6/8/2018","1528416000","720017"
"6/9/2018","1528502400","769427"
"6/10/2018","1528588800","771280"
"6/11/2018","1528675200","768985"
"6/12/2018","1528761600","770199"
"6/13/2018","1528848000","797637"
"6/14/2018","1528934400","765916"
"6/15/2018","1529020800","763803"
"6/16/2018","1529107200","639775"
"6/17/2018","1529193600","648548"
"6/18/2018","1529280000","695753"
"6/19/2018","1529366400","778765"
"6/20/2018","1529452800","803076"
"6/21/2018","1529539200","752035"
"6/22/2018","1529625600","770457"
"6/23/2018","1529712000","675918"
"6/24/2018","1529798400","671994"
"6/25/2018","1529884800","837265"
"6/26/2018","1529971200","732170"
"6/27/2018","1530057600","771938"
"6/28/2018","1530144000","744784"
"6/29/2018","1530230400","735092"
"6/30/2018","1530316800","632981"
"7/1/2018","1530403200","622633"
"7/2/2018","1530489600","489559"
"7/3/2018","1530576000","573532"
"7/4/2018","1530662400","447112"
"7/5/2018","1530748800","527586"
"7/6/2018","1530835200","459075"
"7/7/2018","1530921600","484105"
"7/8/2018","1531008000","631505"
"7/9/2018","1531094400","651926"
"7/10/2018","1531180800","691771"
"7/11/2018","1531267200","643920"
"7/12/2018","1531353600","566058"
"7/13/2018","1531440000","563317"
"7/14/2018","1531526400","508951"
"7/15/2018","1531612800","453706"
"7/16/2018","1531699200","703999"
"7/17/2018","1531785600","701292"
"7/18/2018","1531872000","746145"
"7/19/2018","1531958400","734702"
"7/20/2018","1532044800","671608"
"7/21/2018","1532131200","620634"
"7/22/2018","1532217600","675356"
"7/23/2018","1532304000","758657"
"7/24/2018","1532390400","784910"
"7/25/2018","1532476800","787527"
"7/26/2018","1532563200","725630"
"7/27/2018","1532649600","788715"
"7/28/2018","1532736000","703973"
"7/29/2018","1532822400","716354"
"7/30/2018","1532908800","757712"
"7/31/2018","1532995200","745063"
"8/1/2018","1533081600","757758"
"8/2/2018","1533168000","779928"
"8/3/2018","1533254400","753190"
"8/4/2018","1533340800","720548"
"8/5/2018","1533427200","704249"
"8/6/2018","1533513600","699536"
"8/7/2018","1533600000","636342"
"8/8/2018","1533686400","565663"
"8/9/2018","1533772800","538530"
"8/10/2018","1533859200","613892"
"8/11/2018","1533945600","657312"
"8/12/2018","1534032000","641927"
"8/13/2018","1534118400","694941"
"8/14/2018","1534204800","690348"
"8/15/2018","1534291200","648565"
"8/16/2018","1534377600","716732"
"8/17/2018","1534464000","607270"
"8/18/2018","1534550400","627522"
"8/19/2018","1534636800","599660"
"8/20/2018","1534723200","663769"
"8/21/2018","1534809600","605639"
"8/22/2018","1534896000","594918"
"8/23/2018","1534982400","599557"
"8/24/2018","1535068800","596227"
"8/25/2018","1535155200","577239"
"8/26/2018","1535241600","574072"
"8/27/2018","1535328000","645935"
"8/28/2018","1535414400","613844"
"8/29/2018","1535500800","546841"
"8/30/2018","1535587200","592847"
"8/31/2018","1535673600","577258"
"9/1/2018","1535760000","656254"
"9/2/2018","1535846400","620267"
"9/3/2018","1535932800","631429"
"9/4/2018","1536019200","589521"
"9/5/2018","1536105600","626957"
"9/6/2018","1536192000","588959"
"9/7/2018","1536278400","582184"
"9/8/2018","1536364800","543337"
"9/9/2018","1536451200","565631"
"9/10/2018","1536537600","561611"
"9/11/2018","1536624000","557317"
"9/12/2018","1536710400","570673"
"9/13/2018","1536796800","555753"
"9/14/2018","1536883200","514394"
"9/15/2018","1536969600","479695"
"9/16/2018","1537056000","458432"
"9/17/2018","1537142400","553720"
"9/18/2018","1537228800","500513"
"9/19/2018","1537315200","507255"
"9/20/2018","1537401600","498146"
"9/21/2018","1537488000","544686"
"9/22/2018","1537574400","470309"
"9/23/2018","1537660800","468627"
"9/24/2018","1537747200","480337"
"9/25/2018","1537833600","519108"
"9/26/2018","1537920000","493507"
"9/27/2018","1538006400","504047"
"9/28/2018","1538092800","500407"
"9/29/2018","1538179200","434315"
"9/30/2018","1538265600","479351"
"10/1/2018","1538352000","476308"
"10/2/2018","1538438400","490262"
"10/3/2018","1538524800","559006"
"10/4/2018","1538611200","559181"
"10/5/2018","1538697600","595361"
"10/6/2018","1538784000","596865"
"10/7/2018","1538870400","497767"
"10/8/2018","1538956800","542842"
"10/9/2018","1539043200","537028"
"10/10/2018","1539129600","516772"
"10/11/2018","1539216000","570525"
"10/12/2018","1539302400","562140"
"10/13/2018","1539388800","541797"
"10/14/2018","1539475200","511719"
"10/15/2018","1539561600","562011"
"10/16/2018","1539648000","575450"
"10/17/2018","1539734400","580354"
"10/18/2018","1539820800","565791"
"10/19/2018","1539907200","601119"
"10/20/2018","1539993600","534080"
"10/21/2018","1540080000","508014"
"10/22/2018","1540166400","577314"
"10/23/2018","1540252800","556231"
"10/24/2018","1540339200","532709"
"10/25/2018","1540425600","537236"
"10/26/2018","1540512000","551218"
"10/27/2018","1540598400","499165"
"10/28/2018","1540684800","509862"
"10/29/2018","1540771200","614695"
"10/30/2018","1540857600","608397"
"10/31/2018","1540944000","585707"
"11/1/2018","1541030400","589096"
"11/2/2018","1541116800","548534"
"11/3/2018","1541203200","505015"
"11/4/2018","1541289600","510848"
